{
    "userList": [
        {
            "id": "70579c16-25e3-412f-9c95-975f7fd88ea8",
            "name": "Misha Pickens",
            "age": 40,
            "userName": "MishaPickens",
            "password": "MishaPickens40"
        },
        {
            "id": "d4ff9e15-2dc7-4ef9-8765-8b67db5dad70",
            "name": "Margie Dannenberg",
            "age": 21,
            "userName": "MargieDannenberg",
            "password": "MargieDannenberg21"
        },
        {
            "id": "3d563331-67ca-4846-ad3c-3ba094578730",
            "name": "Idell Dock",
            "age": 42,
            "userName": "IdellDock",
            "password": "IdellDock42"
        },
        {
            "id": "4654f28d-1842-469a-9d80-ab8ec36181be",
            "name": "Julia Overbeck",
            "age": 33,
            "userName": "JuliaOverbeck",
            "password": "JuliaOverbeck33"
        },
        {
            "id": "b063b412-4d4e-4393-9d53-030c78c344c8",
            "name": "China Fritts",
            "age": 20,
            "userName": "ChinaFritts",
            "password": "ChinaFritts20"
        },
        {
            "id": "4d159e55-72fc-4717-86d8-52fe6558e5ef",
            "name": "Toi Wallin",
            "age": 20,
            "userName": "ToiWallin",
            "password": "ToiWallin20"
        },
        {
            "id": "864cd74b-62da-4027-a04f-493ca1835b0a",
            "name": "Alvera Timberlake",
            "age": 23,
            "userName": "AlveraTimberlake",
            "password": "AlveraTimberlake23"
        },
        {
            "id": "67f488b0-6910-4b3d-baac-75525b070f10",
            "name": "Terica Furst",
            "age": 39,
            "userName": "TericaFurst",
            "password": "TericaFurst39"
        },
        {
            "id": "3dfff81d-7945-4037-82ef-c41d5326c2f1",
            "name": "Alaina Mathewson",
            "age": 36,
            "userName": "AlainaMathewson",
            "password": "AlainaMathewson36"
        },
        {
            "id": "7733b0bf-c3a8-40fa-9e6f-23e631f335c4",
            "name": "Shela Takahashi",
            "age": 22,
            "userName": "ShelaTakahashi",
            "password": "ShelaTakahashi22"
        },
        {
            "id": "3acdfff9-3cf3-4ba9-9a9d-4bd7e2991cfa",
            "name": "Terica Furst",
            "age": 23,
            "userName": "TericaFurst",
            "password": "TericaFurst23"
        },
        {
            "id": "c5528974-692d-4d21-882a-c9916c097754",
            "name": "Shela Takahashi",
            "age": 28,
            "userName": "ShelaTakahashi",
            "password": "ShelaTakahashi28"
        },
        {
            "id": "34d8936f-1a71-46ab-b9cd-633478ce8e97",
            "name": "Maggie Bumbalough",
            "age": 33,
            "userName": "MaggieBumbalough",
            "password": "MaggieBumbalough33"
        },
        {
            "id": "8bd0bb1e-60fc-4e79-bd73-ff80fbfe436d",
            "name": "Margie Dannenberg",
            "age": 37,
            "userName": "MargieDannenberg",
            "password": "MargieDannenberg37"
        },
        {
            "id": "872e75e7-b063-419e-b66c-e708026b87c9",
            "name": "Annamaria Beliveau",
            "age": 29,
            "userName": "AnnamariaBeliveau",
            "password": "AnnamariaBeliveau29"
        },
        {
            "id": "d535ecba-09d5-4735-b05a-21af0bfcee8a",
            "name": "Sarah Burdo",
            "age": 41,
            "userName": "SarahBurdo",
            "password": "SarahBurdo41"
        },
        {
            "id": "359b3d95-88d4-4fec-bf15-68ed1dff5f32",
            "name": "Karol Koehler",
            "age": 31,
            "userName": "KarolKoehler",
            "password": "KarolKoehler31"
        },
        {
            "id": "2f2790c9-80ad-4efd-a54d-fdfb189052b5",
            "name": "China Fritts",
            "age": 39,
            "userName": "ChinaFritts",
            "password": "ChinaFritts39"
        },
        {
            "id": "0443b778-8700-43ee-9a67-59e908535365",
            "name": "Monte Kyte",
            "age": 39,
            "userName": "MonteKyte",
            "password": "MonteKyte39"
        },
        {
            "id": "99b9213f-8d4b-47d9-889e-c6582d1569ad",
            "name": "Misha Pickens",
            "age": 36,
            "userName": "MishaPickens",
            "password": "MishaPickens36"
        },
        {
            "id": "e109d074-2b8e-47eb-89f1-2a0fba673c74",
            "name": "Edmond Nickson",
            "age": 22,
            "userName": "EdmondNickson",
            "password": "EdmondNickson22"
        },
        {
            "id": "a9c3d880-1824-404e-aec9-de0d0d39d797",
            "name": "Manuela Correia",
            "age": 32,
            "userName": "ManuelaCorreia",
            "password": "ManuelaCorreia32"
        },
        {
            "id": "e69d8ce5-8226-4495-be3c-5206f6d8750d",
            "name": "Idell Dock",
            "age": 22,
            "userName": "IdellDock",
            "password": "IdellDock22"
        },
        {
            "id": "462f4e5a-0298-4c25-888d-726b33a5adb8",
            "name": "Manuela Correia",
            "age": 35,
            "userName": "ManuelaCorreia",
            "password": "ManuelaCorreia35"
        },
        {
            "id": "3b7a0ef0-b788-475e-8017-46efbe4935be",
            "name": "Terica Furst",
            "age": 28,
            "userName": "TericaFurst",
            "password": "TericaFurst28"
        },
        {
            "id": "54684b17-5c4b-44a5-b534-79d0703f3d36",
            "name": "Annamaria Beliveau",
            "age": 28,
            "userName": "AnnamariaBeliveau",
            "password": "AnnamariaBeliveau28"
        },
        {
            "id": "fdcb2272-4f4d-4f12-9a86-c9dc32dbe803",
            "name": "Verena Cumming",
            "age": 35,
            "userName": "VerenaCumming",
            "password": "VerenaCumming35"
        },
        {
            "id": "2ebf4dc6-7677-49f1-9b82-f0d06c75d0cc",
            "name": "Alvera Timberlake",
            "age": 32,
            "userName": "AlveraTimberlake",
            "password": "AlveraTimberlake32"
        },
        {
            "id": "d7f805cc-b9b6-4e13-8aa6-311c038e19b0",
            "name": "Alaina Mathewson",
            "age": 23,
            "userName": "AlainaMathewson",
            "password": "AlainaMathewson23"
        },
        {
            "id": "534ecc37-d1fc-4e95-b8e3-b34f93e97e59",
            "name": "Terica Furst",
            "age": 41,
            "userName": "TericaFurst",
            "password": "TericaFurst41"
        }
    ]
}